{
    "resources": [
        {
            "name": "index.html"
        },
        {
            "name": "manifest.json"
        },
        {
            "name": "model/models.js"
        },
        {
            "name": "libs/instascan.min.js"
        },
        {
            "name": "libs/adapter.js"
        },
        {
            "name": "controller/App.controller.js"
        },
        {
            "name": "control/QRScannerRenderer.js"
        },
        {
            "name": "control/QRScanner.js"
        },
        {
            "name": "Component.js"
        },
        {
            "name": "manifest-bundle.zip"
        },
        {
            "name": "Component-preload.js",
            "merged": true
        },
        {
            "name": "Component-dbg.js",
            "isDebug": true
        },
        {
            "name": "libs/instascan.min-dbg.js",
            "isDebug": true
        },
        {
            "name": "libs/adapter-dbg.js",
            "isDebug": true
        },
        {
            "name": "controller/App-dbg.controller.js",
            "isDebug": true
        },
        {
            "name": "control/QRScannerRenderer-dbg.js",
            "isDebug": true
        },
        {
            "name": "control/QRScanner-dbg.js",
            "isDebug": true
        },
        {
            "name": "model/models-dbg.js",
            "isDebug": true
        },
        {
            "name": "../../../sap-ui-version.json"
        },
        {
            "name": "view/App.view.xml"
        },
        {
            "name": "css/style.css"
        },
        {
            "name": "i18n/i18n.properties",
            "raw": "i18n/i18n.properties"
        }
    ]
}