{
  "view/App.view.xml": 1601666529000,
  "manifest.json": 1602149249955,
  "model/models.js": 1601525627000,
  "controller/App.controller.js": 1601582428000,
  "Component.js": 1602136782000,
  "manifest-bundle.zip": 1602149249685,
  "Component-preload.js": 1602149249930,
  "Component-dbg.js": 1602136782000,
  "controller/App-dbg.controller.js": 1601582428000,
  "model/models-dbg.js": 1601525627000,
  "resources.json": 1602149249957,
  "i18n/i18n.properties": 1601527073000,
  "css/style.css": 1601525627000,
  "index.html": 1601525627000
}