{
  "control/QRScanner-dbg.js": 1601581316936,
  "libs/adapter.js": 1601526883000,
  "model/models.js": 1601525627000,
  "libs/instascan.min.js": 1601526803000,
  "manifest.json": 1601581559663,
  "controller/App.controller.js": 1601527426000,
  "control/QRScannerRenderer.js": 1601580986058,
  "control/QRScanner.js": 1601581316936,
  "Component.js": 1601525627000,
  "manifest-bundle.zip": 1601581544824,
  "Component-preload.js": 1601581553157,
  "control/QRScannerRenderer-dbg.js": 1601580986058,
  "libs/instascan.min-dbg.js": 1601526803000,
  "libs/adapter-dbg.js": 1601526883000,
  "controller/App-dbg.controller.js": 1601527426000,
  "model/models-dbg.js": 1601525627000,
  "i18n/i18n.properties": 1601527073000,
  "Component-dbg.js": 1601525627000,
  "resources.json": 1601581559666,
  "view/App.view.xml": 1601527137000,
  "css/style.css": 1601525627000,
  "index.html": 1601525627000
}