{
  "model/models-dbg.js": 1601525627138,
  "libs/adapter.js": 1601526883429,
  "model/models.js": 1601525627138,
  "libs/instascan.min.js": 1601526803840,
  "manifest.json": 1601527822268,
  "controller/App.controller.js": 1601527426574,
  "control/QRScannerRenderer.js": 1601527007357,
  "control/QRScanner.js": 1601526984637,
  "Component.js": 1601525627138,
  "manifest-bundle.zip": 1601527805896,
  "Component-preload.js": 1601527814970,
  "libs/instascan.min-dbg.js": 1601526803840,
  "i18n/i18n.properties": 1601527073801,
  "libs/adapter-dbg.js": 1601526883429,
  "controller/App-dbg.controller.js": 1601527426574,
  "control/QRScannerRenderer-dbg.js": 1601527007357,
  "control/QRScanner-dbg.js": 1601526984637,
  "Component-dbg.js": 1601525627138,
  "resources.json": 1601527822271,
  "view/App.view.xml": 1601527137213,
  "css/style.css": 1601525627138,
  "index.html": 1601525627138
}